Unnamed: 0,trans_date_trans_time,cc_num,merchant,category,amt,first,last,gender,street,city,state,zip,lat,long,city_pop,job,dob,trans_num,unix_time,merch_lat,merch_long,is_fraud,distance
81833,2020-07-19 23:00:12,2454076758463217,fraud_Roob-Okuneva,health_fitness,23.34,Robert,Andrade,M,27720 Martin Hills,Remer,MN,56672,47.0874,-93.9196,2097,Insurance risk surveyor,1987-10-27,19bbfe4dd4cd6f71f659012c0ca45f7d,1374274812,46.150896,-94.020578,1,3.13746929168701
309661,2020-10-16 22:31:03,4306586894261180,"fraud_Schmeler, Bashirian and Price",shopping_net,891.36,Renee,Walls,F,86542 Jessica Fords Apt. 706,Veedersburg,IN,47987,40.1186,-87.2602,4049,"Development worker, community",1959-10-19,0f5258ac0127d104640c98ad7b2c0d42,1381962663,39.910453,-86.66265,1,3.29451990127563
394310,2020-11-23 03:01:36,3575789281659026,"fraud_Ferry, Reichel and DuBuque",grocery_net,28.76,Lindsay,Wilson,F,7618 Gonzales Mission,Centerview,MO,64019,38.7897,-93.8702,2368,Electronics engineer,1989-07-17,9d430079cdb3181d8962775fd830dbf7,1385175696,39.236557,-94.453812,0,2.97088766098022
408839,2020-11-29 17:57:53,180011453250192,fraud_Schulist Ltd,food_dining,64.75,Craig,Dunn,M,721 Jacqueline Brooks,New Boston,IL,61272,41.2153,-90.9879,1504,Manufacturing engineer,1993-10-05,302345383b19cbe2224dc83ff5048b1b,1385747873,42.02562,-90.904799,0,2.89254546165466
259724,2020-09-24 21:33:05,4635330563105903,"fraud_O'Reilly, Mohr and Purdy",home,26.1,Christina,Rose,F,1984 Taylor Island Suite 836,Falls Church,VA,22046,38.8856,-77.1802,116155,Chartered accountant,1983-07-10,2a3c85f758ce77f79f0ec03a101dc60b,1380058385,39.280955,-76.869526,0,3.82691073417664
341836,2020-10-31 02:31:47,4.25539744966419E+018,"fraud_Baumbach, Hodkiewicz and Walsh",shopping_pos,8.84,George,Smith,M,7377 Walton Extensions Apt. 979,Dallas,TX,75236,32.69,-96.9177,1263321,"Designer, interior/spatial",1952-09-27,1d41eeb41c699ffafd98ba9c771f5f29,1383186707,33.042019,-97.325996,0,0.762612640857697
215557,2020-09-05 23:52:22,3550412175018089,fraud_Dooley Inc,shopping_pos,1050.65,Morgan,James,F,742 Sellers Ferry,Lexington,KY,40502,38.0174,-84.4854,296965,Software engineer,1962-12-30,32fc74ed9cf4003b8a29fe60d2692f4b,1378425142,37.349376,-84.99032,1,3.69479918479919
468520,2020-12-13 02:49:14,6011679934075347,fraud_Erdman-Kertzmann,gas_transport,49.48,Jennifer,Gonzalez,F,5517 Stacy Land,Jelm,WY,82063,41.0539,-106.0763,100,Public librarian,1974-04-16,fba54758b08a869cd9378983a85542c9,1386902954,41.343527,-105.121899,0,2.34553027153015
19392,2020-06-28 06:58:06,3581130339108561,"fraud_Schultz, Simonis and Little",grocery_pos,241.45,Gregory,Wood,M,622 Robert Summit,Akron,OH,44307,41.0695,-81.5488,272134,Call centre manager,1964-03-15,b85e1410861909e7bd3bdd1af343a589,1372402686,40.19583,-81.591419,1,3.35402798652649
277075,2020-10-02 16:35:57,4.10200377112658E+018,"fraud_Hettinger, McCullough and Fay",home,100.91,William,Fitzgerald,M,715 Courtney Pike Suite 932,Keller,TX,76248,32.9276,-97.2489,95035,Probation officer,1987-06-13,81eeb9a525304217dbf63f948a46e8b4,1380731757,33.087358,-97.194638,0,0.40690678358078
406757,2020-11-28 22:03:25,676275912597,fraud_Goodwin-Nitzsche,grocery_pos,294.9,Edward,Hensley,M,24318 Dixon Mills,Elk Rapids,MI,49629,44.8955,-85.4082,2223,Chief Financial Officer,1986-01-18,aa3f0e5db65f8a308477eb7e10893946,1385676205,44.572311,-85.497975,1,3.28889060020447
388332,2020-11-20 10:51:38,3582402971899057,fraud_Cummings LLC,gas_transport,8.77,Michele,Patrick,F,557 Lynn Garden Suite 907,Spirit Lake,ID,83869,47.9657,-116.868,4161,Production manager,1957-06-12,b69f27f5ccb6199f676e21bba2e7a451,1384944698,48.623951,-116.178892,0,2.22824025154114
198278,2020-08-30 09:38:04,346273234529002,fraud_Stamm-Rodriguez,misc_pos,8.34,Donna,Moreno,F,32301 Albert River Suite 364,Ronceverte,WV,24970,37.7418,-80.4626,4575,Statistician,1991-10-22,1836b9811d54ce511b0740cfecb94ec1,1377855484,38.67304,-80.077727,0,3.76422476768494
327451,2020-10-24 23:12:19,4740713119940984,"fraud_Mosciski, Ziemann and Farrell",shopping_net,826.38,Heather,Hines,F,13776 Hicks Plains,Pomona,NY,10970,41.1901,-74.0436,9993,Pensions consultant,1962-10-16,60921c4df6ac4e5a47f281ef545a6500,1382656339,42.185839,-74.193148,1,4.23597526550293
213882,2020-09-05 03:07:28,4417677808209716,fraud_Stracke-Lemke,grocery_pos,277.3,Renee,Jones,F,914 Nancy Square,Birmingham,AL,35211,33.4816,-86.859,493806,Operational investment banker,2000-03-28,2ff8280b90021e7de18116e841aaf427,1378350448,33.061425,-86.80184,1,3.6090190410614
425694,2020-12-03 02:59:57,213126662687660,fraud_Bogisich-Homenick,misc_net,585.03,Christopher,Luna,M,242 Brian Mountain,Laredo,TX,78040,27.5155,-99.4986,248858,Video editor,1971-01-28,3a588cc38c0fca5549e42b8a8ca2e2a0,1386039597,26.535587,-98.855474,0,2.65425825119019
56745,2020-07-11 03:58:59,38544312728630,fraud_Friesen Inc,shopping_pos,730.65,Veronica,Burton,F,08932 Bonnie Stravenue,Bonita Springs,FL,34135,26.3771,-81.7334,51427,Claims inspector/assessor,1991-08-21,0a08fed1b670277ce0e1aed3b79ea03b,1373515139,26.283094,-81.310425,1,3.74714541435242
278017,2020-10-03 03:14:55,3585052663373890,fraud_Funk Group,grocery_net,17.1,Jeffery,Brown,M,296 Maria Street,West Eaton,NY,13484,42.8546,-75.6605,176,Science writer,1963-12-28,3697f26d5e010de2cad2c462140dd146,1380770095,43.627621,-76.173595,1,4.30385255813599
213669,2020-09-04 23:54:40,3550412175018089,"fraud_Mosciski, Ziemann and Farrell",shopping_net,1113.85,Morgan,James,F,742 Sellers Ferry,Lexington,KY,40502,38.0174,-84.4854,296965,Software engineer,1962-12-30,388d8fa9368497e8f2943600d6276279,1378338880,38.913846,-83.831596,1,3.51327276229858
248840,2020-09-20 11:29:11,3565196229855512,fraud_Zboncak LLC,food_dining,52.47,Adriana,Harvey,F,715 Joy Prairie,Unionville,MO,63565,40.4815,-92.9951,3805,"Investment banker, corporate",1950-09-15,62a407c8736f8ca516e4fb9d4e05a0e6,1379676551,39.535468,-93.578866,0,2.85730910301208
347122,2020-11-02 08:42:29,376445266762684,fraud_Kuhn LLC,misc_net,2.05,Rachel,Lowe,F,372 Jeffrey Course,Sutherland,NE,69165,41.1558,-101.136,1789,Insurance broker,1982-02-11,121bfa89400e7341df304a193c4c9ee8,1383381749,41.852203,-101.461414,0,2.96648001670837
406726,2020-11-28 21:40:54,4683638447911,"fraud_Roberts, Daniel and Macejkovic",kids_pets,48.77,Daniel,Boyd,M,8925 Nicholas Points,Egan,LA,70531,30.251,-92.5002,1261,Broadcast presenter,1972-07-01,f6962ec18151977ea7a1816035df75ab,1385674854,29.955116,-91.658028,0,2.59966373443604
58707,2020-07-11 23:27:48,501882822387,"fraud_Reichert, Huels and Hoppe",shopping_net,1166,Melissa,Phillips,F,5069 Scott Pass Apt. 654,Meadville,MS,39653,31.4285,-90.8578,2799,"Therapist, horticultural",1961-01-21,132eedacbd368a5bd3d9fa904ea4bf35,1373585268,30.777478,-90.537908,1,3.54246044158936
437693,2020-12-06 08:59:22,371284100299909,fraud_Wiegand-Lowe,grocery_net,68.65,Hannah,Thomas,F,1004 Willis Pass,Hedley,TX,79237,34.8698,-100.6806,513,Early years teacher,1976-05-24,cb8d1fdf24f0f020ac69d6aa3eb8bd72,1386320362,35.431596,-100.547693,0,2.69566440582275
